"","timestamp","ETH_Close","BTC_Close","breakeven_inflation","BTC_Energy","ETH_Energy"
"1",2021-07-12,2031.58,33086.63,2.48,135.117366,55.88335347
"2",2021-07-12,2031.58,33086.63,2.52,135.117366,55.88335347
"3",2021-07-12,2031.58,33086.63,2.6,135.117366,55.88335347
"4",2021-07-09,2146.99,33815.81,2.44,135.117366,55.44472419
"5",2021-07-08,2116.33,32875.71,2.38,135.117366,55.28393461
"6",2021-07-07,2316.57,33862.12,2.43,135.117366,55.00698686
"7",2021-07-06,2322.5,34220.01,2.48,135.117366,54.81053391
"8",2021-07-05,2196.53,33690.14,2.49,135.117366,54.62877791
"9",2021-07-02,2154.13,33786.55,2.49,134.0609134,54.17261225
"10",2021-07-01,2106.41,33504.69,2.49,134.0609134,53.92240743
"11",2021-06-30,2275.68,35045,2.47,134.0609134,53.76606435
"12",2021-06-29,2165.33,35911.73,2.46,133.688898,53.6072576
"13",2021-06-28,2084.41,34494.89,2.45,132.887687,53.45111308
"14",2021-06-25,1808.82,31584.45,2.46,132.2552675,52.94392625
"15",2021-06-24,1989.52,34663.09,2.45,132.0837356,52.81290679
"16",2021-06-23,1968.14,33678.07,2.49,131.803524,52.67600401
"17",2021-06-22,1879.28,32509.56,2.46,131.1564836,52.51823496
"18",2021-06-21,1885.49,31608.93,2.41,131.1157526,52.34957232
"19",2021-06-18,2234.09,35819.84,2.37,130.4818075,51.78595381
"20",2021-06-17,2373.28,38092.97,2.31,130.1648442,51.62174965
"21",2021-06-16,2367.89,38349.01,2.41,129.5597704,51.44710686
"22",2021-06-15,2543.54,40144.04,2.46,129.2129683,51.27069424
"23",2021-06-14,2580.77,40516.29,2.44,128.8601573,51.08070233
"24",2021-06-11,2354.01,37331.98,2.43,127.872033,50.45884527
"25",2021-06-10,2471.09,36675.72,2.47,127.5467458,50.28189664
"26",2021-06-09,2610.18,37388.05,2.41,127.2220178,50.096425
"27",2021-06-08,2507.23,33380.81,2.47,126.6621917,49.90280036
"28",2021-06-07,2592.05,33552.79,2.51,126.39401,49.61140202
"29",2021-06-04,2689.51,36829,2.54,125.4523622,49.01920689
"30",2021-06-03,2857.25,39246.79,2.56,125.1206974,48.80696294
"31",2021-06-02,2706.22,37568.68,2.59,124.7733293,48.48417396
"32",2021-06-01,2634.57,36693.09,2.6,124.4424573,48.47077409
"33",2021-05-31,2706.15,37253.81,2.58,124.1223955,48.36725573
"34",2021-05-28,2412.1,35663.49,2.57,122.9193432,49.31845997
"35",2021-05-27,2742.23,38529.98,2.59,122.5891859,50.16016427
"36",2021-05-26,2884.94,39241.91,2.6,122.2234496,50.99604641
"37",2021-05-25,2705.11,38324.72,2.63,121.8561935,51.61670675
"38",2021-05-24,2648.43,38796.29,2.64,121.5062965,52.26828302
"39",2021-05-21,2430.98,37252.01,2.62,120.0862709,51.4373093
"40",2021-05-20,2768.62,40526.64,2.59,119.6828066,51.12718403
"41",2021-05-19,2438.92,36690.09,2.66,119.3007506,50.61739205
"42",2021-05-18,3375.07,42849.78,2.72,118.9374014,50.0867063
"43",2021-05-17,3282.51,43538.04,2.72,118.515073,49.57019285
"44",2021-05-14,4075.01,49841.45,2.68,117.1122541,48.22477657
"45",2021-05-13,3717.91,49670.97,2.65,116.3599257,47.64567572
"46",2021-05-12,3823.21,49631.32,2.72,115.8455066,46.94690085
"47",2021-05-11,4173.45,56670.02,2.68,115.257593,45.89810506
"48",2021-05-10,3945.88,55816.14,2.71,114.6748518,44.94339444
"49",2021-05-07,3479.53,57314.75,2.65,112.8597634,43.16672928
"50",2021-05-06,3489.73,56393.68,2.66,112.2626657,42.77671046
"51",2021-05-05,3524.26,57436.11,2.68,111.6653388,42.41983621
"52",2021-05-04,3239.01,53200.01,2.62,110.8602839,41.97122701
"53",2021-05-03,3431.04,57169.39,2.6,110.2939625,41.59946248
"54",2021-04-30,2772.42,57694.27,2.57,108.4870006,40.70840585
"55",2021-04-29,2757.04,53555,2.56,107.9660586,40.42144371
"56",2021-04-28,2748.24,54846.22,2.54,107.4796476,40.11433518
"57",2021-04-27,2666.13,55011.97,2.51,106.987147,39.7303894
"58",2021-04-26,2532.6,54001.39,2.47,106.4130656,39.46078914
"59",2021-04-23,2367.39,51125.14,2.44,104.8756984,38.72253113
"60",2021-04-22,2397.94,51690.96,2.42,104.3676605,38.39846925
"61",2021-04-21,2357.06,53787.63,2.53,103.7759948,38.02862775
"62",2021-04-20,2330.03,56425,2.52,103.2285007,37.52195265
"63",2021-04-19,2161.12,55633.14,2.56,102.7195774,37.13598616
"64",2021-04-16,2422.67,61334.8,2.57,100.8503008,36.13759883
"65",2021-04-15,2514.04,63159.98,2.55,100.2424695,35.80732102
"66",2021-04-14,2432.6,62959.53,2.56,99.63377158,35.50202301
"67",2021-04-13,2299.19,63575,2.54,99.03626264,35.11007923
"68",2021-04-12,2137.69,59860,2.52,98.44049969,34.83580657
"69",2021-04-09,2066.87,58142.54,2.51,96.55339757,34.09558164
"70",2021-04-08,2080.46,58077.52,2.55,95.87832065,33.78056552
"71",2021-04-07,1963.47,55953.45,2.53,95.45320163,33.56992296
"72",2021-04-06,2112.21,57991.15,2.52,94.91681272,33.2153513
"73",2021-04-05,2107.38,59129.99,2.55,94.37768368,32.91606393
"74",2021-04-02,2133.69,58950.01,2.58,92.74714705,32.08396602
"75",2021-04-01,1968.05,58720.44,2.55,92.18242578,31.77210251
"76",2021-03-31,1919.37,58740.55,2.54,91.51698769,31.44775927
"77",2021-03-30,1840.46,58746.57,2.52,90.95617696,31.09819541
"78",2021-03-29,1816.74,57635.47,2.56,90.40139094,30.84368128
"79",2021-03-26,1698.84,55025.59,2.57,88.80799881,30.21596961
"80",2021-03-25,1585.74,51293.78,2.54,88.29034427,29.99869412
"81",2021-03-24,1581.84,52303.65,2.53,87.80003489,29.75040668
"82",2021-03-23,1668.08,54340.89,2.48,87.16815463,29.48174648
"83",2021-03-22,1680.97,54083.25,2.51,86.64972065,29.23968281
"84",2021-03-19,1809.1,58030.01,2.51,84.96178779,28.54265617
"85",2021-03-18,1776.08,57648.16,2.5,84.3811535,28.29118112
"86",2021-03-17,1823.58,58912.97,2.58,83.79652494,28.02521211
"87",2021-03-16,1805.12,56900.75,2.59,83.22684564,27.71517755
"88",2021-03-15,1793.48,55605.2,2.54,82.68323266,27.45623781
"89",2021-03-12,1766.1,57221.72,2.51,80.79129263,26.70389553
"90",2021-03-11,1825.78,57773.16,2.51,80.21217037,26.46982458
"91",2021-03-10,1795.12,55851.59,2.47,79.62548351,26.21698046
"92",2021-03-09,1870.51,54884.5,2.41,79.06038903,25.99968867
"93",2021-03-08,1833.18,52375.17,2.42,78.53225725,25.77194168
"94",2021-03-05,1528.31,48751.71,2.43,77.78218074,25.19422321
"95",2021-03-04,1539.23,48374.09,2.43,77.78218074,25.01717435
"96",2021-03-03,1567.69,50349.37,2.45,77.78218074,24.79526868
"97",2021-03-02,1486.78,48440.65,2.43,77.78218074,24.61128531
"98",2021-03-01,1569.86,49587.03,2.4,77.78218074,24.43210341
"99",2021-02-26,1444.59,46276.87,2.39,77.78218074,23.92733617
"100",2021-02-25,1481.75,47073.73,2.34,77.78218074,23.72552124
"101",2021-02-24,1623.39,49676.2,2.38,77.78218074,23.45701737
"102",2021-02-23,1577.89,48891,2.35,77.78218074,23.16832813
"103",2021-02-22,1777.58,54087.67,2.35,77.78218074,22.79734204
"104",2021-02-19,1955,55906,2.29,77.78218074,21.93455606
"105",2021-02-18,1939.61,51552.6,2.29,77.78218074,21.60555856
"106",2021-02-17,1849.88,52119.71,2.35,77.78218074,21.31768507
"107",2021-02-16,1781.99,49133.45,2.37,77.78218074,21.06541409
"108",2021-02-15,1779.25,47911.1,2.36,77.78218074,20.81574617
"109",2021-02-12,1840.26,47287.6,2.35,77.78218074,20.04059835
"110",2021-02-11,1785.62,47969.51,2.32,77.78218074,19.74586213
"111",2021-02-10,1740.78,44807.58,2.31,77.78218074,19.49201168
"112",2021-02-09,1769.13,46420.42,2.31,77.78218074,19.20342839
"113",2021-02-08,1750.15,46374.87,2.31,77.78218074,18.90287297
"114",2021-02-05,1719.19,38290.24,2.28,77.78218074,18.17016213
"115",2021-02-04,1595.67,36936.66,2.25,77.78218074,17.84283488
"116",2021-02-03,1664.49,37618.87,2.27,77.78218074,17.57797811
"117",2021-02-02,1511.87,35466.24,2.23,77.78218074,17.3515853
"118",2021-02-01,1374.17,33526.37,2.18,77.78218074,17.14739285
"119",2021-01-29,1379.5,34252.2,2.21,77.78218074,16.74565038
"120",2021-01-28,1329.69,33364.86,2.18,77.78218074,16.63617652
"121",2021-01-27,1239.03,30366.15,2.15,77.78218074,16.52121796
"122",2021-01-26,1365.97,32467.77,2.15,77.78218074,16.41509507
"123",2021-01-25,1317.88,32254.2,2.15,77.78218074,16.35922385
"124",2021-01-22,1232.62,32945.17,2.16,77.78218074,16.22703195
"125",2021-01-21,1110.96,30850.13,2.18,77.78218074,16.14490082
"126",2021-01-20,1376.99,35468.23,2.15,77.78218074,16.03013361
"127",2021-01-19,1365.36,35891.49,2.12,77.78218074,15.88631199
"128",2021-01-15,1168.53,36742.22,2.09,77.78218074,15.70474599
"129",2021-01-14,1231.62,39144.5,2.09,77.78218074,15.85416698
"130",2021-01-13,1129.89,37371.38,2.04,77.78218074,15.9225005
"131",2021-01-12,1050.16,34051.24,2.06,77.78218074,16.0013593
"132",2021-01-11,1087.01,35404.47,2.04,77.78218074,16.08730122
"133",2021-01-08,1216.93,40582.81,2.07,77.78218074,15.67081135
"134",2021-01-07,1224.87,39432.28,2.09,77.78218074,15.55372584
"135",2021-01-06,1208.42,36769.36,2.04,77.78218074,15.42972906
"136",2021-01-05,1099.56,33949.53,2.01,77.78218074,15.31699761
"137",2021-01-04,1041.43,31988.71,1.98,77.78218074,15.20096885
"138",2021-01-01,728.91,29331.69,1.95,77.78218074,14.71502256
"139",2020-12-31,736.42,28923.63,1.95,77.78218074,14.63882425
"140",2020-12-30,752.17,28875.54,1.92,77.78218074,14.5477136
"141",2020-12-29,732,27385,1.9,77.78218074,14.43135083
"142",2020-12-28,730.41,27079.41,1.92,77.78218074,14.35285814
"143",2020-12-25,626.82,24712.47,1.91,77.78218074,14.14012077
"144",2020-12-24,612.31,23729.2,1.92,77.78218074,14.07858969
"145",2020-12-23,585.56,23232.76,1.93,77.78218074,14.01359095
"146",2020-12-22,636.45,23810.79,1.92,77.78218074,13.95028093
"147",2020-12-21,607.58,22719.71,1.9,77.78218074,13.89452888
"148",2020-12-18,653.85,23107.39,1.92,77.78218074,13.7177019
"149",2020-12-17,642.7,22797.16,1.9,77.78218074,13.65257748
"150",2020-12-16,637.18,21335.52,1.9,77.78218074,13.58012165
"151",2020-12-15,588.64,19426.43,1.86,77.78218074,13.52601824
"152",2020-12-14,586.29,19273.14,1.84,77.78218074,13.47731723
"153",2020-12-11,544.43,18036.53,1.82,77.78218074,13.36751501
"154",2020-12-10,558.99,18254.63,1.83,77.78218074,13.32099034
"155",2020-12-09,573.09,18541.28,1.84,77.78218074,13.28443416
"156",2020-12-08,554.94,18324.11,1.84,77.78218074,13.24372797
"157",2020-12-07,591.28,19166.9,1.84,77.78218074,13.20483359
"158",2020-12-04,567.24,18650.52,1.83,77.78218074,13.08673331
"159",2020-12-03,615.85,19421.9,1.78,77.78218074,13.04207807
"160",2020-12-02,596.89,19204.09,1.76,77.78218074,12.99675581
"161",2020-12-01,585.26,18764.96,1.72,77.78218074,12.93659385
"162",2020-11-30,616.66,19695.87,1.68,77.78218074,12.87408609
"163",2020-11-27,518.68,17139.52,1.67,77.78218074,12.74476982
"164",2020-11-26,519.83,17149.47,1.65,77.78218074,12.70149978
"165",2020-11-25,569.5,18719.11,1.67,77.78218074,12.63739803
"166",2020-11-24,604.97,19160.01,1.65,77.78218074,12.58198033
"167",2020-11-23,608.58,18368,1.62,77.78218074,12.51384129
"168",2020-11-20,510.12,18655.67,1.61,77.78218074,12.33304062
"169",2020-11-19,471.25,17802.82,1.62,77.78218074,12.28769064
"170",2020-11-18,478.41,17776.12,1.63,77.78218074,12.24530704
"171",2020-11-17,482.15,17659.38,1.63,77.78218074,12.19857742
"172",2020-11-16,460.55,16713.57,1.64,77.78218074,12.15610374
"173",2020-11-13,476.43,16320.7,1.64,77.78218074,12.05889203
"174",2020-11-12,462.39,16291.86,1.63,77.78218074,12.00317301
"175",2020-11-11,463.09,15684.24,1.69,77.78218074,11.96626948
"176",2020-11-10,450.34,15297.21,1.69,77.78218074,11.92936917
"177",2020-11-09,444.32,15328.41,1.63,77.78218074,11.8927819
"178",2020-11-06,455.91,15579.92,1.54,77.78218074,11.78674099
"179",2020-11-05,416.69,15590.02,1.55,77.78218074,11.74640483
"180",2020-11-04,402.49,14144.01,1.56,77.56043856,11.71425621
"181",2020-11-03,387.88,14023.53,1.62,77.3284532,11.68717748
"182",2020-11-02,383.02,13549.37,1.6,77.09716171,11.63809044
"183",2020-10-30,382.49,13560.1,1.59,76.40742978,11.54931754
"184",2020-10-29,387.13,13455.7,1.61,76.1788931,11.51590241
"185",2020-10-28,388.23,13266.4,1.61,75.95103998,11.48083142
"186",2020-10-27,403.45,13636.17,1.64,75.72386838,11.4479826
"187",2020-10-26,392.52,13052.19,1.63,75.49737625,11.41626056
"188",2020-10-23,409.11,12923.07,1.66,74.82195643,11.29851059
"189",2020-10-22,413.98,12968.52,1.68,74.59816194,11.26369066
"190",2020-10-21,390.38,12780.96,1.56,74.37503683,11.22522235
"191",2020-10-20,368.52,11909.99,1.53,74.1525791,11.19002686
"192",2020-10-19,379.3,11751.47,1.53,73.93078673,11.15898589
"193",2020-10-16,365.5,11319.32,1.53,73.26938204,11.07479908
"194",2020-10-15,377.64,11505.12,1.52,73.05023135,11.04200894
"195",2020-10-14,378.69,11417.89,1.52,72.83173614,10.98958569
"196",2020-10-13,381.04,11420.56,1.52,72.61389446,10.9557304
"197",2020-10-12,386.51,11528.25,1.55,72.39670435,10.9214833
"198",2020-10-09,365.02,11050.64,1.56,71.74902397,10.8171585
"199",2020-10-08,350.95,10925.57,1.56,71.53442071,10.77210198
"200",2020-10-07,341.58,10666.39,1.54,71.32045933,10.74454795
"201",2020-10-06,340.75,10599.66,1.51,71.10713792,10.69848582
"202",2020-10-05,353.62,10792.21,1.52,70.89445455,10.6672335
"203",2020-10-02,345.6,10570.4,1.48,70.26021371,10.56873137
"204",2020-10-01,352.85,10619.13,1.48,70.6572132,10.53838355
"205",2020-09-30,359.83,10776.59,1.5,70.47416702,10.48934137
"206",2020-09-29,359.79,10840.48,1.49,70.26337689,10.45154105
"207",2020-09-28,353.96,10696.12,1.48,70.05321724,10.4094133
"208",2020-09-25,351.92,10686.67,1.43,69.42650233,10.30698736
"209",2020-09-24,348.97,10736.32,1.45,69.21884579,10.27649838
"210",2020-09-23,320.72,10241.46,1.48,69.35493369,10.23709438
"211",2020-09-22,344.21,10529.61,1.5,69.99261542,10.20336295
"212",2020-09-21,340.36,10417.22,1.5,69.9650917,10.16412061
"213",2020-09-18,384.39,10933.39,1.58,69.57428718,10.01638487
"214",2020-09-17,389.36,10939.99,1.57,69.36618861,9.92107668
"215",2020-09-16,365.11,10954.01,1.57,69.15871248,9.809389467
"216",2020-09-15,364.06,10785.31,1.54,68.95185691,9.766316665
"217",2020-09-14,377.12,10671.77,1.54,68.74562005,9.708793741
"218",2020-09-11,373.63,10387.89,1.53,68.13060325,9.579338456
"219",2020-09-10,367.93,10336.87,1.54,67.92682278,9.535353086
"220",2020-09-09,350.85,10219.2,1.57,67.72365183,9.486656176
"221",2020-09-08,337.39,10126.65,1.55,67.54346767,9.456056052
"222",2020-09-07,353.59,10373.44,1.57,67.99255336,9.420856625
"223",2020-09-04,385.26,10446.25,1.57,68.91556362,9.285361543
"224",2020-09-03,381.4,10140.85,1.53,68.82208371,9.20891521
"225",2020-09-02,439.5,11388.54,1.61,68.74990507,9.100331503
"226",2020-09-01,475.4,11921.97,1.65,68.54427226,8.952296984
"227",2020-08-31,433.79,11649.51,1.69,68.33925449,8.834624052
"228",2020-08-28,395.11,11526.91,1.68,67.86319358,8.675058073
"229",2020-08-27,383.27,11330.38,1.65,67.66021294,8.64300654
"230",2020-08-26,385.81,11461.43,1.63,67.45783942,8.610544674
"231",2020-08-25,382.93,11318.42,1.6,67.25607121,8.578162772
"232",2020-08-24,407.68,11748.2,1.57,67.05490649,8.541059888
"233",2020-08-21,387.97,11531.34,1.52,66.45501527,8.434856275
"234",2020-08-20,415.94,11853.55,1.48,66.25624653,8.388575803
"235",2020-08-18,421.95,11945.01,1.55,65.86049084,8.34559943
"236",2020-08-17,430.89,12281.13,1.54,65.66350034,8.299534505
"237",2020-08-14,438.11,11760.54,1.53,65.07605702,8.1619861
"238",2020-08-13,424.54,11780,1.56,64.88141278,8.093221288
"239",2020-08-12,387.18,11564.33,1.56,64.68735073,8.033413839
"240",2020-08-11,379,11392.08,1.5,64.49386912,8.006749779
"241",2020-08-10,395.44,11892.92,1.49,64.30096622,7.935332452
"242",2020-08-07,379.34,11594.23,1.5,63.7257125,7.872728546
"243",2020-08-06,394.77,11762.46,1.53,63.53510717,7.848357327
"244",2020-08-05,400.72,11744.91,1.52,63.34507196,7.822304198
"245",2020-08-04,389.61,11191.97,1.45,63.15560514,7.793942982
"246",2020-08-03,385.94,11219.81,1.46,62.96670503,7.766395848
"247",2020-07-31,346.33,11335.46,1.4,62.40338796,7.691212958
"248",2020-07-30,334.87,11099.61,1.37,62.21673775,7.668936209
"249",2020-07-29,317.71,11100.53,1.38,62.03064581,7.649468074
"250",2020-07-28,316.77,10906.27,1.36,61.84511048,7.63121869
"251",2020-07-27,321.93,11029.96,1.38,61.66013009,7.610950154
"252",2020-07-24,279.15,9537.8,1.35,61.10850199,7.564226116
"253",2020-07-23,275.3,9603.27,1.37,60.92572482,7.553688382
"254",2020-07-22,263.74,9518.16,1.4,60.74349433,7.544774373
"255",2020-07-21,245.59,9390,1.4,60.56180891,7.537295812
"256",2020-07-20,236.01,9160.78,1.37,60.41054346,7.533116
"257",2020-07-17,232.67,9154.32,1.35,60.538856,7.51678789
"258",2020-07-16,233.57,9133.72,1.3,60.48691202,7.51384906
"259",2020-07-15,238.61,9197.6,1.28,61.13490431,7.514297886
"260",2020-07-14,240.44,9255.85,1.27,61.89814344,7.51364049
"261",2020-07-14,240.44,9255.85,1.27,61.89814344,7.51364049
"262",2020-07-13,239.5,9242.62,1.27,61.79875026,7.511497515
"263",2020-07-10,241.26,9288.34,1.25,61.25577931,7.515759609
"264",2020-07-09,241.98,9232.43,1.22,61.07256162,7.51664302
"265",2020-07-08,246.95,9436.06,1.25,60.88989195,7.513276517
"266",2020-07-07,239.39,9257.39,1.26,60.70776864,7.512029308
"267",2020-07-06,241.6,9344.2,1.28,60.52619007,7.511457542
"268",2020-07-03,224.87,9058.26,1.2,60.03551138,7.51367068
"269",2020-07-02,226.46,9086.54,1.21,59.85594355,7.513383467
"270",2020-07-01,230.99,9232,1.17,59.67691281,7.517341071
"271",2020-06-30,225.6,9138.55,1.16,59.49841756,7.518792988
"272",2020-06-29,227.93,9192.56,1.14,59.32045619,7.517257321
"273",2020-06-26,229.64,9162.21,1.11,59.36979813,7.544425439
"274",2020-06-25,232.5,9249.49,1.11,59.73101043,7.566143411
"275",2020-06-24,234.58,9296.49,1.1,60.06425021,7.587269813
"276",2020-06-23,243.14,9624.89,1.14,60.2366493,7.593221002
"277",2020-06-22,243.13,9685.69,1.11,60.05647986,7.610374768
"278",2020-06-19,229,9310.23,1.06,59.78051612,7.656415216
"279",2020-06-18,231.27,9386.32,1.12,59.77984763,7.664848126
"280",2020-06-17,233.82,9465.14,1.01,59.6125403,7.689624758
"281",2020-06-16,235.3,9525.59,1.02,59.43423759,7.711818917
"282",2020-06-15,230.86,9426.02,0.98,59.25646818,7.720382881
"283",2020-06-12,237.55,9465.13,0.95,59.48832569,7.765770618
"284",2020-06-11,230.51,9280.4,0.95,59.31039451,7.769705191
"285",2020-06-10,247.78,9885,1,59.13299552,7.78004674
"286",2020-06-09,243.8,9772.43,0.98,58.95612714,7.788238063
"287",2020-06-08,246.4,9782.01,0.98,58.77978777,7.788288415
"288",2020-06-05,240.03,9621.16,0.95,58.25392799,7.799866249
"289",2020-06-04,243.21,9789.06,0.88,58.07968893,7.805689844
"290",2020-06-03,244.52,9666.24,0.88,57.90597101,7.815690272
"291",2020-06-02,237.71,9518.04,0.84,57.7327727,7.818697534
"292",2020-06-01,248.23,10200.77,0.84,57.56009242,7.829223467
"293",2020-05-29,220.67,9427.07,0.83,57.04514436,7.85280401
"294",2020-05-28,220.21,9575.89,0.86,56.8745208,7.861102486
"295",2020-05-27,208.29,9204.07,0.82,56.70440757,7.871622911
"296",2020-05-26,200.89,8841.18,0.82,56.58149432,7.876368233
"297",2020-05-25,204.15,8900.35,0.81,56.64906333,7.886819355
"298",2020-05-22,207.36,9170,0.8,58.71141269,7.901187315
"299",2020-05-21,198.74,9068.65,0.81,58.66070916,7.89887176
"300",2020-05-20,209.98,9511.43,0.83,58.9854312,7.892971333
"301",2020-05-19,214.58,9775.53,0.82,58.80900418,7.888598358
"302",2020-05-18,214.91,9733.93,0.84,58.63310487,7.881982964
"303",2020-05-15,194.86,9316.42,0.75,58.10855735,7.861669375
"304",2020-05-14,203.29,9791.98,0.71,57.93475309,7.853705873
"305",2020-05-13,199.58,9309.37,0.71,57.76146869,7.845337351
"306",2020-05-12,189.76,8810.79,0.72,57.58870258,7.841177826
"307",2020-05-11,185.73,8561.52,0.75,69.60056838,7.835130414
"308",2020-05-08,211.31,9800.01,0.74,77.78218074,7.823473398
"309",2020-05-07,212,9986.4,0.7,77.78218074,7.81663032
"310",2020-05-06,198.97,9142.92,0.71,77.78218074,7.808995459
"311",2020-05-05,205.29,9021.83,0.71,77.78218074,7.801667711
"312",2020-05-04,206.48,8871.96,0.69,77.78218074,7.797496186
"313",2020-05-01,212.02,8826.96,0.68,77.20680423,7.779520985
"314",2020-04-30,206.08,8620,0.72,76.9758766,7.774675419
"315",2020-04-29,215.36,8778.57,0.78,76.74563968,7.766948994
"316",2020-04-28,196.24,7738.98,0.76,76.51609141,7.755909956
"317",2020-04-27,196.34,7774.62,0.78,76.28722972,7.745055861
"318",2020-04-24,187.59,7505,0.72,75.60474365,7.716465349
"319",2020-04-23,185.51,7482.39,0.67,75.37860783,7.705833461
"320",2020-04-22,182.7,7125.14,0.69,75.15314839,7.700884835
"321",2020-04-21,170.74,6841.37,0.58,74.9283633,7.691324103
"322",2020-04-20,170.2,6826.83,0.56,74.70425054,7.682721594
"323",2020-04-17,170.69,7027.55,0.67,74.03592624,7.658323069
"324",2020-04-16,172.29,7101.94,0.7,73.81448279,7.648996953
"325",2020-04-15,152.73,6621.24,0.87,73.59370169,7.640725435
"326",2020-04-14,158.45,6868.7,0.94,73.37358094,7.6335862
"327",2020-04-13,156.29,6837.91,0.94,73.15411859,7.631570302
"328",2020-04-10,157.81,6858.92,0.93,72.49966218,7.618252826
"329",2020-04-09,169.52,7283.54,0.9,72.28281374,7.621322058
"330",2020-04-08,173.11,7361.28,0.87,72.0666139,7.623210228
"331",2020-04-07,164.63,7197.32,0.86,71.85106071,7.630579916
"332",2020-04-06,171.32,7329.9,0.85,71.63615226,7.632550023
"333",2020-04-03,141.31,6734.1,0.78,70.99527598,7.628447804
"334",2020-04-02,141.28,6794.09,0.73,70.7829272,7.627973024
"335",2020-04-01,135.69,6642.92,0.56,70.57121356,7.627649032
"336",2020-03-31,132.72,6410.44,0.49,70.36013316,7.624052161
"337",2020-03-30,132.06,6394.38,0.57,70.14968411,7.62604154
"338",2020-03-27,131.33,6359.11,0.54,69.53077153,7.635600015
"339",2020-03-26,138.4,6737.36,0.72,69.32280312,7.636825059
"340",2020-03-25,136.1,6677.43,0.69,69.11545675,7.642176866
"341",2020-03-24,138.42,6744.72,0.55,68.90873056,7.647516716
"342",2020-03-23,135.92,6467.31,0.37,68.70262269,7.669642682
"343",2020-03-20,133.48,6208.36,0.31,68.08799056,7.781796734
"344",2020-03-19,136.3,6162.37,0.14,67.88433755,7.813849255
"345",2020-03-19,136.3,6162.37,0.14,67.88433755,7.813849255
"346",2020-03-18,118.11,5393.04,0.16,67.68129367,7.732425556
"347",2020-03-17,115.67,5312.64,0.16,67.4788571,7.806104681
"348",2020-03-16,111.02,5028.97,0.3,67.27702602,7.468042412
"349",2020-03-13,134.06,5578.6,0.53,73.33830606,8.102217145
"350",2020-03-12,107.82,4800,0.63,76.83752044,7.923093746
"351",2020-03-11,194.61,7934.52,0.69,77.78218074,8.037075668
"352",2020-03-10,200.7,7894.56,0.77,77.78218074,8.037924008
"353",2020-03-09,202.81,7929.87,0.8,77.78218074,8.0377085
"354",2020-03-06,244.88,9131.88,1.14,77.78218074,8.059454033
"355",2020-03-05,228.38,9054.68,1.28,77.78218074,8.07149969
"356",2020-03-04,224.26,8750.87,1.34,77.78218074,8.074460913
"357",2020-03-03,223.91,8760.07,1.34,77.78218074,8.078149922
"358",2020-03-02,231.97,8915.24,1.32,77.78218074,8.080211742
"359",2020-02-28,226.76,8692.91,1.33,77.78218074,7.953733473
"360",2020-02-27,227.79,8823.21,1.48,77.78218074,7.906829
"361",2020-02-26,223.93,8785.25,1.5,77.78218074,7.842410104
"362",2020-02-25,246.67,9315.84,1.52,77.78218074,7.824594226
"363",2020-02-24,265.52,9656.13,1.57,77.78218074,7.779146085
"364",2020-02-21,265.27,9677.05,1.6,77.68954841,7.647920452
"365",2020-02-20,256.96,9596.42,1.63,77.6493637,7.571453016
"366",2020-02-19,258.45,9593.79,1.65,77.6408111,7.559566489
"367",2020-02-18,282.61,10164.71,1.64,77.59724474,7.524008911
"368",2020-02-17,267.85,9706,1.64,77.42974012,7.508777247
"369",2020-02-14,285.15,10344.36,1.64,76.73703285,7.311074525
"370",2020-02-13,268.32,10229.63,1.65,76.50751032,7.224930325
"371",2020-02-12,265.74,10326.46,1.64,76.2786743,7.173649786
"372",2020-02-11,236.69,10223.08,1.6,76.05052273,7.176200843
"373",2020-02-10,222.89,9851.83,1.62,75.82305357,7.166279084
"374",2020-02-07,223.33,9813.73,1.61,75.14472015,7.157555417
"375",2020-02-06,213.19,9772,1.61,74.91996027,7.172059582
"376",2020-02-05,203.78,9612.04,1.61,74.69587265,7.190951814
"377",2020-02-04,188.91,9197.02,1.58,74.52818424,7.234338092
"378",2020-02-03,189.69,9292.24,1.56,74.52818424,7.253974997
"379",2020-01-31,179.99,9352.89,1.6,73.89978658,7.333650942
"380",2020-01-30,184.69,9513.21,1.59,73.67875032,7.354442216
"381",2020-01-29,173.72,9301.53,1.58,73.4583752,7.377785173
"382",2020-01-28,175.64,9374.21,1.59,73.23865922,7.425113943
"383",2020-01-27,170.08,8907.57,1.56,73.18927787,7.451078089
"384",2020-01-24,162.54,8439,1.62,73.16595428,7.559856214
"385",2020-01-23,162.81,8404.52,1.64,73.16595428,7.587442993
"386",2020-01-22,168.07,8682.36,1.64,73.16595428,7.626635688
"387",2020-01-21,169.49,8736.03,1.66,73.16595428,7.645289307
"388",2020-01-20,166.87,8642.35,1.67,73.16595428,7.66359887
"389",2020-01-17,169.85,8913.28,1.68,73.12146138,7.732160305
"390",2020-01-16,164.21,8720.01,1.68,73.12146138,7.748545322
"391",2020-01-15,166.4,8821.41,1.67,73.12146138,7.774734732
"392",2020-01-14,165.64,8810.01,1.7,73.12146138,7.789027289
"393",2020-01-13,143.58,8110.34,1.7,73.12146138,7.80350948
"394",2020-01-10,144.84,8197.02,1.67,73.12146138,7.86901851
"395",2020-01-09,137.74,7817.76,1.67,73.12146138,7.899566399
"396",2020-01-08,140.72,8055.98,1.68,73.12146138,7.923424557
"397",2020-01-07,142.8,8145.28,1.67,73.12146138,7.946284313
"398",2020-01-06,144.15,7758,1.69,73.12146138,7.98118358
"399",2020-01-03,134.35,7344.96,1.69,73.12146138,8.063424534
"400",2020-01-02,127.19,6965.71,1.72,73.12146138,8.085017571
"401",2020-01-01,130.77,7200.85,1.7,73.12146138,8.107113682
"402",2019-12-31,129.16,7195.23,1.68,73.12146138,8.135936908
"403",2019-12-30,131.59,7246,1.66,73.12146138,8.158265942
"404",2019-12-27,126.29,7254.74,1.64,73.12146138,8.227341847
"405",2019-12-26,125.58,7202,1.66,73.12146138,8.251318923
"406",2019-12-25,125.09,7204.63,1.66,73.12146138,8.272730379
"407",2019-12-24,127.75,7255.77,1.67,73.12146138,8.285365985
"408",2019-12-23,127.8,7317.09,1.67,73.12146138,8.296544251
"409",2019-12-20,128.19,7187.83,1.67,73.12146138,8.315822398
"410",2019-12-19,128.1,7150.3,1.68,73.12146138,8.317957379
"411",2019-12-18,132.78,7277.83,1.68,73.12146138,8.26876676
"412",2019-12-17,121.88,6623.82,1.65,73.12146138,8.302123988
"413",2019-12-16,132.73,6891.72,1.64,73.12146138,8.330094897
"414",2019-12-13,144.8,7258.48,1.62,73.12146138,8.331857294
"415",2019-12-12,144.87,7198.08,1.62,73.12146138,8.334142293
"416",2019-12-11,143.39,7210,1.6,73.12146138,8.336071175
"417",2019-12-10,145.56,7224.13,1.59,73.12146138,8.331874087
"418",2019-12-09,147.38,7338.64,1.59,73.12146138,8.336616268
"419",2019-12-06,148.45,7527.47,1.59,73.12146138,8.342696493
"420",2019-12-05,148.1,7389,1.55,73.12146138,8.34013702
"421",2019-12-04,145.38,7194.32,1.54,73.12146138,8.343124193
"422",2019-12-03,147.17,7292.71,1.51,73.12146138,8.346094293
"423",2019-12-02,148.65,7294.28,1.54,73.12146138,8.341817516
"424",2019-11-29,154.57,7739.68,1.5,73.12146138,8.346113033
"425",2019-11-28,150.72,7419.49,1.51,73.12146138,8.350289108
"426",2019-11-27,152.62,7508.52,1.54,73.12146138,8.353453879
"427",2019-11-26,147.47,7156.14,1.52,73.12146138,8.348993409
"428",2019-11-25,145.69,7109.57,1.53,73.12146138,8.351576641
"429",2019-11-22,149.56,7268.23,1.53,73.12146138,8.343685419
"430",2019-11-21,161.01,7627.74,1.53,73.12146138,8.330769931
"431",2019-11-20,174.72,8098.01,1.51,73.12146138,8.326245082
"432",2019-11-19,175.94,8133.64,1.53,73.12146138,8.319947444
"433",2019-11-18,178.2,8187.17,1.54,73.12146138,8.301165163
"434",2019-11-15,180,8471.73,1.52,73.12146138,8.26678503
"435",2019-11-14,184.92,8646.68,1.54,73.12146138,8.259613978
"436",2019-11-13,188.11,8777.12,1.58,73.12146138,8.240867615
"437",2019-11-12,187.09,8821.94,1.6,73.12146138,8.232714993
"438",2019-11-11,184.98,8733.27,1.62,73.12146138,8.22497831
"439",2019-11-08,183.74,8773.73,1.63,73.12146138,8.186694361
"440",2019-11-07,186.68,9216.2,1.61,73.12146138,8.167432249
"441",2019-11-06,191.16,9339.05,1.57,73.12146138,8.159304711
"442",2019-11-05,188.68,9308.66,1.58,73.12146138,8.139787742
"443",2019-11-04,185.71,9393.35,1.56,73.12146138,8.131554564
"444",2019-11-01,182.85,9231.61,1.5,73.12146138,8.094659327
"445",2019-10-31,182.18,9140.85,1.44,73.12146138,8.07649505
"446",2019-10-30,183.13,9154.72,1.47,73.12146138,8.069145983
"447",2019-10-29,190.46,9407.62,1.51,73.12146138,8.061433232
"448",2019-10-28,181.72,9205.14,1.53,73.12146138,8.044764698
"449",2019-10-25,181.5,8655.02,1.55,73.12146138,8.019958113
"450",2019-10-24,160.38,7412.41,1.52,73.12146138,8.015543031
"451",2019-10-23,162.35,7466.62,1.52,73.12146138,8.00049606
"452",2019-10-22,171.2,8020,1.53,73.12146138,7.994110081
"453",2019-10-21,173.98,8197.27,1.53,73.12146138,7.985924805
"454",2019-10-18,172.74,7947.01,1.52,73.12146138,7.935673532
"455",2019-10-17,177.16,8070.58,1.52,73.12146138,7.926375298
"456",2019-10-16,174.47,7991.74,1.35,73.12146138,7.915849003
"457",2019-10-15,180.49,8159.29,1.33,73.12146138,7.889566709
"458",2019-10-14,186.72,8348.2,1.33,73.12146138,7.877451058
"459",2019-10-11,180.72,8258.5,1.34,73.12146138,7.827315262
"460",2019-10-10,191.14,8558.03,1.29,73.12146138,7.801515384
"461",2019-10-09,192.62,8560.74,1.24,73.12146138,7.787731578
"462",2019-10-08,180.6,8168.39,1.25,73.12146138,7.762296293
"463",2019-10-07,179.85,8190.09,1.27,73.12146138,7.75221084
"464",2019-10-04,175.55,8137.13,1.27,73.12146138,7.713117232
"465",2019-10-03,174.69,8223.96,1.25,73.12146138,7.692934366
"466",2019-10-02,180.24,8359.94,1.29,73.12146138,7.684925456
"467",2019-10-01,175.66,8292.44,1.33,73.12146138,7.665462547
"468",2019-09-30,180.85,8289.34,1.35,73.12146138,7.656780592
"469",2019-09-27,173.79,8177.91,1.36,73.12146138,7.62591089
"470",2019-09-26,165.92,8063.73,1.4,73.12146138,7.611427022
"471",2019-09-25,169.96,8430.05,1.41,73.12146138,7.609253618
"472",2019-09-24,165.81,8493.14,1.39,73.12146138,7.606581272
"473",2019-09-23,201.29,9702.25,1.42,73.12146138,7.59624845
"474",2019-09-20,218.03,10168.59,1.42,73.12146138,7.56445758
"475",2019-09-19,220.24,10244.29,1.41,73.12146138,7.544413198
"476",2019-09-18,210.21,10156.99,1.4,73.12146138,7.532984369
"477",2019-09-17,207.84,10187.82,1.46,73.12146138,7.52174893
"478",2019-09-16,197.22,10251.31,1.48,73.12146138,7.500407633
"479",2019-09-13,180.95,10342.06,1.46,73.12146138,7.46646734
"480",2019-09-12,180.72,10415.01,1.43,73.12146138,7.445700092
"481",2019-09-11,178.28,10158.33,1.4,73.12146138,7.435390246
"482",2019-09-10,179.81,10098.15,1.4,73.12146138,7.411012494
"483",2019-09-09,180.54,10303.12,1.38,73.12146138,7.397613363
"484",2019-09-06,169.08,10298.73,1.35,73.12146138,7.34103124
"485",2019-09-05,173.75,10564.49,1.35,73.12146138,7.314568013
"486",2019-09-04,174.72,10567.02,1.31,73.12146138,7.30226226
"487",2019-09-03,178.75,10615.28,1.29,73.12146138,7.276308638
"488",2019-09-02,178.05,10340,1.31,73.12146138,7.262859153
"489",2019-08-30,168.5,9584.54,1.35,73.12146138,7.221993132
"490",2019-08-29,169.01,9498.44,1.39,73.12146138,7.205049153
"491",2019-08-28,173.03,9721,1.36,73.12146138,7.196966959
"492",2019-08-27,187.24,10185.05,1.36,73.12146138,7.178964266
"493",2019-08-26,188.67,10372.25,1.34,73.12146138,7.167335453
"494",2019-08-23,194.02,10389.55,1.35,73.12146138,7.119142929
"495",2019-08-22,190.35,10099.88,1.35,73.12146138,7.11063912
"496",2019-08-21,187.45,10142.57,1.34,73.12146138,7.09954991
"497",2019-08-20,196.6,10760.51,1.34,73.12146138,7.097976151
"498",2019-08-19,202.28,10915.54,1.36,73.12146138,7.094670252
"499",2019-08-16,184.88,10331.54,1.34,73.12146138,7.099757284
"500",2019-08-15,188.03,10293.93,1.34,73.12146138,7.103616223
"501",2019-08-14,187.1,10050.37,1.36,73.12146138,7.112534165
"502",2019-08-13,209.3,10892.71,1.44,73.12146138,7.114861527
"503",2019-08-12,211.41,11396.08,1.39,73.12146138,7.121962978
"504",2019-08-09,210.53,11879.99,1.44,73.12146138,7.123030037
"505",2019-08-08,221.39,11999.77,1.43,73.12146138,7.124206233
"506",2019-08-07,226.1,11975.03,1.38,73.12146138,7.120678945
"507",2019-08-06,226.28,11481.69,1.4,73.12146138,7.120853372
"508",2019-08-05,233.54,11828.8,1.39,73.12146138,7.117318081
"509",2019-08-02,217.61,10523.75,1.45,73.12146138,7.116343102
"510",2019-08-01,216.84,10374.99,1.47,73.12146138,7.114745265
"511",2019-07-31,218.42,10080.53,1.56,73.12146138,7.117490768
"512",2019-07-30,209.58,9574.21,1.58,73.12146138,7.116236708
"513",2019-07-29,210.89,9507.64,1.57,73.12146138,7.116199811
"514",2019-07-26,218.81,9824,1.57,73.12146138,7.121644661
"515",2019-07-25,219.14,9879.87,1.6,73.12146138,7.119125829
"516",2019-07-24,216.31,9763.28,1.59,73.12146138,7.126934105
"517",2019-07-23,212.48,9864.91,1.61,73.12146138,7.129416015
"518",2019-07-22,217.51,10340.31,1.59,73.12146138,7.138347571
"519",2019-07-19,220.73,10504.29,1.6,73.12146138,7.125488602
"520",2019-07-18,225.73,10627.16,1.6,73.12146138,7.112516168
"521",2019-07-17,210.81,9667.92,1.6,73.12146138,7.106286318
"522",2019-07-16,198.88,9439.59,1.63,73.00150472,7.094578428
"523",2019-07-15,228.2,10838.72,1.61,72.78315525,7.096705803
"524",2019-07-12,274.62,11757.22,1.62,72.13201758,7.09541503
"525",2019-07-11,268.63,11342.89,1.63,71.91626878,7.098556966
"526",2019-07-10,289.23,12108.37,1.59,71.70116528,7.093363665
"527",2019-07-09,307.46,12543.41,1.56,71.48670516,7.091197258
"528",2019-07-08,311.97,12238.6,1.55,71.2728865,7.078799941
"529",2019-07-05,287.47,10970.73,1.55,70.6352601,7.074163103
"530",2019-07-04,282.73,11145.67,1.5,70.42398814,7.065069753
"531",2019-07-03,301.14,11940,1.51,70.2133481,7.061110867
"532",2019-07-02,291.48,10842.85,1.5,70.00333808,7.050792009
"533",2019-07-01,295.07,10624.93,1.53,69.79395621,7.051765078
"534",2019-06-28,311.05,12400.63,1.53,69.16956072,7.018949635
"535",2019-06-27,298.35,11329.99,1.53,68.9626727,7.012039218
"536",2019-06-26,339.39,13093.8,1.56,68.75640349,7.001273246
"537",2019-06-25,318.26,11820.86,1.52,68.55075124,6.998325354
"538",2019-06-24,311.64,11056.59,1.57,68.3457141,6.993731335
"539",2019-06-21,294.35,10159.86,1.6,67.73427497,7.037738148
"540",2019-06-20,271.22,9517.12,1.58,67.53167993,7.040658036
"541",2019-06-19,268.14,9255.49,1.53,67.32969086,7.068167602
"542",2019-06-18,264.66,9081.55,1.49,67.12830594,7.074106476
"543",2019-06-17,273.16,9313.96,1.45,66.92752337,7.097936254
"544",2019-06-14,262.47,8650,1.48,66.32877175,7.133656763
"545",2019-06-13,254.67,8218.54,1.51,66.13038061,7.164872326
"546",2019-06-12,261.15,8127.64,1.53,65.93258286,7.175748728
"547",2019-06-11,244.29,7884.9,1.57,65.73537673,7.208412608
"548",2019-06-10,246.51,7982.75,1.6,65.53876045,7.219531327
"549",2019-06-07,248.77,7980.53,1.61,64.95243308,7.210884745
"550",2019-06-06,248.76,7786.7,1.58,64.75815861,7.184635595
"551",2019-06-05,245.63,7776.5,1.59,64.56446521,7.155283553
"552",2019-06-04,241.39,7687.03,1.59,64.37135116,7.125002695
"553",2019-06-03,249.91,8115.82,1.56,64.17881472,7.11568557
"554",2019-05-31,267.9,8555,1.58,63.61292631,7.121000362
"555",2019-05-30,254.56,8269.54,1.59,63.42265833,7.126852902
"556",2019-05-29,268.83,8645.68,1.59,63.23295946,7.16318626
"557",2019-05-28,271.03,8715.64,1.58,63.04382797,7.176385181
"558",2019-05-27,270.53,8756.32,1.6,62.85526219,7.227240413
"559",2019-05-24,248.87,7964.87,1.62,62.29294211,7.34642654
"560",2019-05-23,244.56,7851.51,1.62,62.10662225,7.377184573
"561",2019-05-22,243.64,7628.43,1.68,61.92085967,7.369191798
"562",2019-05-21,253.43,7904.87,1.72,61.73565271,7.238378374
"563",2019-05-20,250.37,7938.15,1.71,61.55099971,7.061005809
"564",2019-05-17,244.3,7355.26,1.71,61.00034792,6.72599986
"565",2019-05-16,264.25,7866.59,1.75,60.81789424,6.693215097
"566",2019-05-15,248.1,8169.87,1.74,60.63598628,6.723268984
"567",2019-05-14,216.4,7947.56,1.75,60.45462242,6.733595033
"568",2019-05-13,195.84,7790.71,1.73,60.27380101,6.749343923
"569",2019-05-10,172.91,6373.33,1.75,59.73457539,6.863476548
"570",2019-05-09,170.9,6209.18,1.73,59.55590766,6.887072376
"571",2019-05-08,170.85,5987.29,1.75,59.37777434,6.93026498
"572",2019-05-07,169.18,5846.34,1.76,59.20017382,6.956377652
"573",2019-05-06,173,5747.79,1.81,59.02310451,7.014159145
"574",2019-05-03,168.06,5772.69,1.8,58.49506795,7.167475075
"575",2019-05-02,161.81,5492.87,1.78,58.32010763,7.212498374
"576",2019-05-01,160.19,5383.2,1.83,58.14567061,7.302497829
"577",2019-04-30,161.83,5320.81,1.85,57.97175535,7.349753961
"578",2019-04-29,155.11,5238.14,1.86,57.79836027,7.442640153
"579",2019-04-26,157.95,5314.1,1.86,57.2812806,7.661144295
"580",2019-04-25,154.72,5219.9,1.86,57.10995075,7.719075746
"581",2019-04-24,164.78,5415,1.87,56.93913335,7.831224364
"582",2019-04-23,169.16,5493.31,1.87,56.76882687,7.888898233
"583",2019-04-22,170.52,5357.14,1.87,56.59902978,7.994293878
"584",2019-04-19,172.64,5258.68,1.86,56.09267964,8.215886895
"585",2019-04-18,173.33,5258.44,1.86,55.92490493,8.326745461
"586",2019-04-17,165.75,5202.82,1.84,55.75763203,8.378957626
"587",2019-04-16,165.37,5173.72,1.86,55.59085946,8.475465965
"588",2019-04-15,159.95,5024.95,1.85,55.4245857,8.526786288
"589",2019-04-12,163.19,5048.01,1.86,54.92874246,8.797071322
"590",2019-04-11,164.07,5017.37,1.82,54.76444911,8.854616084
"591",2019-04-10,177.12,5308.25,1.83,54.60064717,8.912689138
"592",2019-04-09,174.6,5150,1.8,54.43733516,9.019584085
"593",2019-04-08,178.72,5236.9,1.81,54.27451163,9.075594009
"594",2019-04-05,164.77,5004.95,1.79,53.78895726,9.319593113
"595",2019-04-04,157.36,4898.66,1.81,53.62807304,9.374085391
"596",2019-04-03,159.96,4932.6,1.81,53.47462412,9.477009868
"597",2019-04-02,163.31,4857.29,1.81,53.31468008,9.53593429
"598",2019-04-01,141.24,4144.56,1.82,53.15521443,9.49361792
"599",2019-03-29,143.25,4103.25,1.78,52.68623968,9.429641776
"600",2019-03-28,137.86,4027.81,1.72,52.52865372,9.28711512
"601",2019-03-27,139.45,4038.05,1.74,52.3715391,9.28009369
"602",2019-03-26,134.18,3948.55,1.75,52.21489442,9.064051816
"603",2019-03-25,133.98,3936.12,1.77,52.05871826,9.112670329
"604",2019-03-22,135.98,3986.93,1.8,51.59298698,9.195360965
"605",2019-03-21,134.85,3980.64,1.86,51.43867096,9.196004363
"606",2019-03-20,139.01,4043.04,1.88,51.28481651,9.290416033
"607",2019-03-19,138.55,4015.53,1.85,51.13142225,9.306193273
"608",2019-03-18,137.59,3987.81,1.88,50.97848679,9.320459924
"609",2019-03-15,136.56,3923.76,1.86,50.52241954,9.087316715
"610",2019-03-14,132.2,3877.12,1.85,50.37130563,8.914923337
"611",2019-03-13,131.65,3866,1.84,50.22064369,8.876934879
"612",2019-03-12,133.57,3882.73,1.81,50.0704324,8.950002519
"613",2019-03-11,132.67,3871.61,1.82,49.92067039,9.017978921
"614",2019-03-08,133.52,3864.89,1.8,49.47406665,9.191780315
"615",2019-03-07,136.81,3873.64,1.8,49.32608839,9.283058918
"616",2019-03-06,137.4,3861.84,1.81,49.17855273,9.289856558
"617",2019-03-05,136.72,3857.73,1.83,49.03145835,8.9904247
"618",2019-03-04,125.65,3715.3,1.84,48.88480394,8.534982803
"619",2019-03-01,135.32,3823,1.85,48.44746734,9.141595266
"620",2019-02-28,135.34,3813.69,1.84,48.30255967,9.12503476
"621",2019-02-27,135.02,3818.07,1.84,48.15808541,9.231027597
"622",2019-02-26,136.22,3809.23,1.82,48.01404328,9.171807003
"623",2019-02-25,137.87,3827.92,1.82,47.87043198,9.324348287
"624",2019-02-22,147.36,3962,1.82,47.44217023,9.96948071
"625",2019-02-21,145.69,3937.31,1.8,47.30026942,9.844717438
"626",2019-02-20,148.44,3969.74,1.79,47.15879304,9.874537538
"627",2019-02-19,143.44,3907.79,1.76,47.01773982,9.8294717
"628",2019-02-18,145.69,3898.6,1.75,46.8771085,9.33592945
"629",2019-02-15,121.67,3602.47,1.75,48.5905059,8.226683243
"630",2019-02-14,120.42,3590.56,1.74,49.23149236,8.188163284
"631",2019-02-13,121.86,3609.4,1.76,49.49567305,8.237788855
"632",2019-02-12,122.41,3631.46,1.71,49.38796642,8.143377185
"633",2019-02-11,120.89,3631.05,1.69,49.37774354,8.116242572
"634",2019-02-08,119.25,3659.04,1.69,47.47815425,7.446521154
"635",2019-02-07,104.48,3398.4,1.69,47.04536729,7.024452034
"636",2019-02-06,104.5,3405.37,1.71,47.10029869,6.954909097
"637",2019-02-05,107.27,3471.59,1.72,47.00426106,7.138976887
"638",2019-02-04,107.68,3463.22,1.72,46.74300315,7.190784417
"639",2019-02-01,106.73,3462.07,1.72,46.9102676,7.19937238
"640",2019-01-31,106.44,3434.1,1.7,46.93256786,7.239598745
"641",2019-01-30,108.29,3458.18,1.68,47.01375148,7.251012068
"642",2019-01-29,104.45,3411.04,1.62,47.28543841,7.033095945
"643",2019-01-28,105.5,3434.15,1.62,47.29296267,7.098794305
"644",2019-01-25,115.11,3565.29,1.64,47.34917065,7.802544063
"645",2019-01-24,116.39,3569.62,1.62,47.2136841,7.862603871
"646",2019-01-23,116.44,3552.82,1.64,47.0724667,7.942387661
"647",2019-01-22,117.81,3570.93,1.63,46.93167168,7.939848124
"648",2019-01-21,115.63,3526.9,1.65,46.92016691,7.896340308
"649",2019-01-18,119.17,3594.87,1.67,46.85114106,8.160133507
"650",2019-01-17,121.54,3616.21,1.64,47.23754718,8.203464967
"651",2019-01-16,121.48,3591.84,1.64,47.31645929,8.274098882
"652",2019-01-15,118.95,3553.06,1.63,47.53175537,8.458810071
"653",2019-01-14,126.95,3626.09,1.64,47.65177364,8.4914835
"654",2019-01-11,124.65,3601.31,1.66,47.38465506,8.772232488
"655",2019-01-10,124.95,3585.88,1.65,47.37483899,8.984969803
"656",2019-01-09,148.1,3966.65,1.68,47.65479974,10.23608589
"657",2019-01-08,147.6,3955.13,1.66,47.33622847,10.14817752
"658",2019-01-07,149.34,3975.45,1.61,47.00349686,10.27311881
"659",2019-01-04,151.97,3792.01,1.58,46.17833291,10.35697418
"660",2019-01-03,146.3,3766.78,1.49,45.66169484,10.15117072
"661",2019-01-02,152.01,3858.56,1.49,45.48952921,10.28254171
"662",2019-01-01,139.1,3797.14,1.52,45.84451045,9.77167041
"663",2018-12-31,131.45,3702.9,1.51,45.805408,9.629062779
"664",2018-12-28,135.3,3839.26,1.52,43.68119338,9.15739459
"665",2018-12-27,113.8,3567.91,1.53,43.55054175,8.628542009
"666",2018-12-26,129.35,3777.74,1.57,43.42028091,9.244172351
"667",2018-12-25,127.6,3745.79,1.55,43.29040968,9.208218621
"668",2018-12-24,138.03,4008.01,1.52,43.1609269,9.620405613
"669",2018-12-21,107.69,3838.66,1.55,42.77479765,9.455293776
"670",2018-12-20,114.05,4049.62,1.53,42.64685708,9.347979178
"671",2018-12-19,98.74,3662.22,1.56,42.51929918,8.711889295
"672",2018-12-18,100.39,3652.98,1.58,42.39212281,8.150349661
"673",2018-12-17,94.02,3509.08,1.58,42.26532683,7.699212391
"674",2018-12-14,83.82,3224.17,1.6,42.64646712,7.131472907
"675",2018-12-13,86.34,3302.06,1.62,44.22534605,7.41559426
"676",2018-12-12,89.41,3445,1.62,44.83286126,7.588253593
"677",2018-12-11,87.76,3380.39,1.62,44.71085299,7.422672857
"678",2018-12-10,89.91,3432.88,1.65,45.51542758,7.64367826
"679",2018-12-07,93.05,3403.55,1.68,45.54798979,7.473500085
"680",2018-12-06,91,3508.75,1.69,49.4925587,8.093769415
"681",2018-12-05,102.71,3769.84,1.74,51.91669166,8.802769268
"682",2018-12-04,109.94,3951.64,1.74,53.24825079,9.248776989
"683",2018-12-03,108.76,3884.01,1.76,53.21549106,9.222796296
"684",2018-11-30,113.73,4041.32,1.77,52.88151375,9.587050507
"685",2018-11-29,117.98,4295.84,1.79,52.72334372,9.940709628
"686",2018-11-28,122.9,4264.85,1.74,52.56564678,10.3349308
"687",2018-11-27,111.43,3875.21,1.73,52.40842152,9.638513025
"688",2018-11-26,110.68,3862.2,1.78,53.28769255,9.920963919
"689",2018-11-23,125.02,4420.61,1.77,61.49879653,11.035526
"690",2018-11-22,126.63,4370,1.79,64.36576742,11.66594419
"691",2018-11-21,138.23,4661.07,1.81,64.93793176,12.09411242
"692",2018-11-20,133.82,4558.86,1.82,64.52425413,12.17570194
"693",2018-11-19,150.81,4910.03,1.85,71.90524798,13.78356298
"694",2018-11-16,176.89,5655.94,1.88,73.12146138,15.84221294
"695",2018-11-15,184.35,5753.4,1.85,73.12146138,15.92396787
"696",2018-11-14,187.43,5922.41,1.85,73.12146138,17.04315452
"697",2018-11-13,209.84,6457.66,1.88,73.12146138,18.59781826
"698",2018-11-12,212.89,6453.07,1.89,73.12146138,18.86431884
"699",2018-11-09,210.77,6419.99,1.9,73.12146138,19.07599604
"700",2018-11-08,212.79,6479.84,1.92,73.12146138,19.39221371
"701",2018-11-07,219.07,6578.46,1.93,73.12146138,19.87831184
"702",2018-11-06,220.74,6519.11,1.92,73.12146138,20.1826287
"703",2018-11-05,210.66,6468.99,1.91,73.12146138,19.84395022
"704",2018-11-02,202.35,6433.98,1.91,73.12146138,19.2934623
"705",2018-11-01,199.96,6410,1.88,73.12146138,19.09462196
"706",2018-10-31,198.73,6371.93,1.9,73.12146138,18.94483457
"707",2018-10-30,197.27,6330.87,1.91,73.12146138,18.82747715
"708",2018-10-29,196.96,6344.5,1.92,73.12146138,18.84986706
"709",2018-10-26,204.92,6538.63,1.93,73.12146138,18.92441485
"710",2018-10-25,203.93,6528.09,1.91,73.12146138,18.94502111
"711",2018-10-24,205.35,6565.5,1.93,73.12146138,18.96199829
"712",2018-10-23,205.85,6553.51,1.94,73.12146138,18.98360443
"713",2018-10-22,206.67,6581.2,1.98,73.12146138,18.98299177
"714",2018-10-19,205,6528.88,1.98,73.12146138,18.98469954
"715",2018-10-18,206.24,6618.96,1.99,73.12146138,18.99881647
